"STATION","NAME","DATE","PRCP","TMAX"
"USW00094846","CHICAGO OHARE INTERNATIONAL AIRPORT, IL US","2016-01-30","0.00","46"
"USW00094846","CHICAGO OHARE INTERNATIONAL AIRPORT, IL US","2016-01-31","0.02","48"
"USW00094846","CHICAGO OHARE INTERNATIONAL AIRPORT, IL US","2016-02-01","0.00","45"
"USW00094846","CHICAGO OHARE INTERNATIONAL AIRPORT, IL US","2016-02-02","0.79","38"
"USW00094846","CHICAGO OHARE INTERNATIONAL AIRPORT, IL US","2016-02-03","0.02","37"
"USW00094846","CHICAGO OHARE INTERNATIONAL AIRPORT, IL US","2016-02-04","0.00","32"
"USW00094846","CHICAGO OHARE INTERNATIONAL AIRPORT, IL US","2016-02-05","0.00","34"
"USW00094846","CHICAGO OHARE INTERNATIONAL AIRPORT, IL US","2016-02-06","0.00","41"
"USW00094846","CHICAGO OHARE INTERNATIONAL AIRPORT, IL US","2016-02-07","0.00","43"
"USW00094846","CHICAGO OHARE INTERNATIONAL AIRPORT, IL US","2016-02-08","0.02","32"
"USW00094846","CHICAGO OHARE INTERNATIONAL AIRPORT, IL US","2016-02-09","0.02","21"
"USW00094846","CHICAGO OHARE INTERNATIONAL AIRPORT, IL US","2016-02-10","0.00","18"
"USW00094846","CHICAGO OHARE INTERNATIONAL AIRPORT, IL US","2016-02-11","0.00","21"
"USW00094846","CHICAGO OHARE INTERNATIONAL AIRPORT, IL US","2016-02-12","0.00","23"
"USW00094846","CHICAGO OHARE INTERNATIONAL AIRPORT, IL US","2016-02-13","0.00","17"
"USW00094846","CHICAGO OHARE INTERNATIONAL AIRPORT, IL US","2016-02-14","0.10","18"
"USW00094846","CHICAGO OHARE INTERNATIONAL AIRPORT, IL US","2016-02-15","0.01","27"
"USW00094846","CHICAGO OHARE INTERNATIONAL AIRPORT, IL US","2016-02-16","0.04","33"
"USW00094846","CHICAGO OHARE INTERNATIONAL AIRPORT, IL US","2016-02-17","0.00","34"
"USW00094846","CHICAGO OHARE INTERNATIONAL AIRPORT, IL US","2016-02-18","0.00","42"
"USW00094846","CHICAGO OHARE INTERNATIONAL AIRPORT, IL US","2016-02-19","0.00","62"
"USW00094846","CHICAGO OHARE INTERNATIONAL AIRPORT, IL US","2016-02-20","0.00","57"
"USW00094846","CHICAGO OHARE INTERNATIONAL AIRPORT, IL US","2016-02-21","0.00","41"
"USW00094846","CHICAGO OHARE INTERNATIONAL AIRPORT, IL US","2016-02-22","0.00","44"
"USW00094846","CHICAGO OHARE INTERNATIONAL AIRPORT, IL US","2016-02-23","0.00","45"
"USW00094846","CHICAGO OHARE INTERNATIONAL AIRPORT, IL US","2016-02-24","0.15","36"
"USW00094846","CHICAGO OHARE INTERNATIONAL AIRPORT, IL US","2016-02-25","0.00","37"
"USW00094846","CHICAGO OHARE INTERNATIONAL AIRPORT, IL US","2016-02-26","0.00","33"
"USW00094846","CHICAGO OHARE INTERNATIONAL AIRPORT, IL US","2016-02-27","0.00","54"
"USW00094846","CHICAGO OHARE INTERNATIONAL AIRPORT, IL US","2016-02-28","0.08","62"
"USW00094846","CHICAGO OHARE INTERNATIONAL AIRPORT, IL US","2016-02-29","0.00","52"
"USW00094846","CHICAGO OHARE INTERNATIONAL AIRPORT, IL US","2016-03-01","0.10","30"
"USW00094846","CHICAGO OHARE INTERNATIONAL AIRPORT, IL US","2016-03-02","0.00","32"
"USW00094846","CHICAGO OHARE INTERNATIONAL AIRPORT, IL US","2016-03-03","0.07","33"
"USW00094846","CHICAGO OHARE INTERNATIONAL AIRPORT, IL US","2016-03-04","0.07","39"
"USW00094846","CHICAGO OHARE INTERNATIONAL AIRPORT, IL US","2016-03-05","0.00","39"
"USW00094846","CHICAGO OHARE INTERNATIONAL AIRPORT, IL US","2016-03-06","0.00","52"
"USW00094846","CHICAGO OHARE INTERNATIONAL AIRPORT, IL US","2016-03-07","0.03","63"
"USW00094846","CHICAGO OHARE INTERNATIONAL AIRPORT, IL US","2016-03-08","0.00","70"
"USW00094846","CHICAGO OHARE INTERNATIONAL AIRPORT, IL US","2016-03-09","0.18","63"
"USW00094846","CHICAGO OHARE INTERNATIONAL AIRPORT, IL US","2016-03-10","0.00","51"
"USW00094846","CHICAGO OHARE INTERNATIONAL AIRPORT, IL US","2016-03-11","0.00","55"
"USW00094846","CHICAGO OHARE INTERNATIONAL AIRPORT, IL US","2016-03-12","0.00","59"
"USW00094846","CHICAGO OHARE INTERNATIONAL AIRPORT, IL US","2016-03-13","0.66","48"
"USW00094846","CHICAGO OHARE INTERNATIONAL AIRPORT, IL US","2016-03-14","0.01","55"
"USW00094846","CHICAGO OHARE INTERNATIONAL AIRPORT, IL US","2016-03-15","0.14","58"
"USW00094846","CHICAGO OHARE INTERNATIONAL AIRPORT, IL US","2016-03-16","0.04","56"
"USW00094846","CHICAGO OHARE INTERNATIONAL AIRPORT, IL US","2016-03-17","0.00","56"
"USW00094846","CHICAGO OHARE INTERNATIONAL AIRPORT, IL US","2016-03-18","0.00","49"
"USW00094846","CHICAGO OHARE INTERNATIONAL AIRPORT, IL US","2016-03-19","0.00","46"
"USW00094846","CHICAGO OHARE INTERNATIONAL AIRPORT, IL US","2016-03-20","0.00","44"
"USW00094846","CHICAGO OHARE INTERNATIONAL AIRPORT, IL US","2016-03-21","0.00","49"
"USW00094846","CHICAGO OHARE INTERNATIONAL AIRPORT, IL US","2016-03-22","0.00","63"
"USW00094846","CHICAGO OHARE INTERNATIONAL AIRPORT, IL US","2016-03-23","0.11","42"
"USW00094846","CHICAGO OHARE INTERNATIONAL AIRPORT, IL US","2016-03-24","1.09","39"
"USW00094846","CHICAGO OHARE INTERNATIONAL AIRPORT, IL US","2016-03-25","0.00","48"
"USW00094846","CHICAGO OHARE INTERNATIONAL AIRPORT, IL US","2016-03-26","0.00","54"
"USW00094846","CHICAGO OHARE INTERNATIONAL AIRPORT, IL US","2016-03-27","0.32","63"
"USW00094846","CHICAGO OHARE INTERNATIONAL AIRPORT, IL US","2016-03-28","0.00","53"
"USW00094846","CHICAGO OHARE INTERNATIONAL AIRPORT, IL US","2016-03-29","0.00","58"
"USW00094846","CHICAGO OHARE INTERNATIONAL AIRPORT, IL US","2016-03-30","0.13","62"
"USW00094846","CHICAGO OHARE INTERNATIONAL AIRPORT, IL US","2016-03-31","0.39","67"
"USW00094846","CHICAGO OHARE INTERNATIONAL AIRPORT, IL US","2016-04-01","0.08","49"
"USW00094846","CHICAGO OHARE INTERNATIONAL AIRPORT, IL US","2016-04-02","0.02","40"
"USW00094846","CHICAGO OHARE INTERNATIONAL AIRPORT, IL US","2016-04-03","0.00","71"
"USW00094846","CHICAGO OHARE INTERNATIONAL AIRPORT, IL US","2016-04-04","0.00","38"
"USW00094846","CHICAGO OHARE INTERNATIONAL AIRPORT, IL US","2016-04-05","0.02","45"
"USW00094846","CHICAGO OHARE INTERNATIONAL AIRPORT, IL US","2016-04-06","0.31","50"
"USW00094846","CHICAGO OHARE INTERNATIONAL AIRPORT, IL US","2016-04-07","0.06","41"
"USW00094846","CHICAGO OHARE INTERNATIONAL AIRPORT, IL US","2016-04-08","0.10","41"
"USW00094846","CHICAGO OHARE INTERNATIONAL AIRPORT, IL US","2016-04-09","0.00","38"
"USW00094846","CHICAGO OHARE INTERNATIONAL AIRPORT, IL US","2016-04-10","0.10","50"
"USW00094846","CHICAGO OHARE INTERNATIONAL AIRPORT, IL US","2016-04-11","0.00","51"
"USW00094846","CHICAGO OHARE INTERNATIONAL AIRPORT, IL US","2016-04-12","0.00","47"
"USW00094846","CHICAGO OHARE INTERNATIONAL AIRPORT, IL US","2016-04-13","0.00","56"
"USW00094846","CHICAGO OHARE INTERNATIONAL AIRPORT, IL US","2016-04-14","0.00","61"
"USW00094846","CHICAGO OHARE INTERNATIONAL AIRPORT, IL US","2016-04-15","0.00","68"
"USW00094846","CHICAGO OHARE INTERNATIONAL AIRPORT, IL US","2016-04-16","0.00","76"
"USW00094846","CHICAGO OHARE INTERNATIONAL AIRPORT, IL US","2016-04-17","0.00","79"
"USW00094846","CHICAGO OHARE INTERNATIONAL AIRPORT, IL US","2016-04-18","0.00","83"
"USW00094846","CHICAGO OHARE INTERNATIONAL AIRPORT, IL US","2016-04-19","0.00","57"
"USW00094846","CHICAGO OHARE INTERNATIONAL AIRPORT, IL US","2016-04-20","0.48","71"
"USW00094846","CHICAGO OHARE INTERNATIONAL AIRPORT, IL US","2016-04-21","0.01","70"
"USW00094846","CHICAGO OHARE INTERNATIONAL AIRPORT, IL US","2016-04-22","0.00","54"
"USW00094846","CHICAGO OHARE INTERNATIONAL AIRPORT, IL US","2016-04-23","0.00","60"
"USW00094846","CHICAGO OHARE INTERNATIONAL AIRPORT, IL US","2016-04-24","0.00","78"
"USW00094846","CHICAGO OHARE INTERNATIONAL AIRPORT, IL US","2016-04-25","0.08","83"
"USW00094846","CHICAGO OHARE INTERNATIONAL AIRPORT, IL US","2016-04-26","0.00","68"
"USW00094846","CHICAGO OHARE INTERNATIONAL AIRPORT, IL US","2016-04-27","0.47","49"
"USW00094846","CHICAGO OHARE INTERNATIONAL AIRPORT, IL US","2016-04-28","0.45","50"
"USW00094846","CHICAGO OHARE INTERNATIONAL AIRPORT, IL US","2016-04-29","0.01","51"
"USW00094846","CHICAGO OHARE INTERNATIONAL AIRPORT, IL US","2016-04-30","0.61","48"
"USW00094846","CHICAGO OHARE INTERNATIONAL AIRPORT, IL US","2016-05-01","0.51","49"
"USW00094846","CHICAGO OHARE INTERNATIONAL AIRPORT, IL US","2016-05-02","0.00","59"
"USW00094846","CHICAGO OHARE INTERNATIONAL AIRPORT, IL US","2016-05-03","0.00","67"
"USW00094846","CHICAGO OHARE INTERNATIONAL AIRPORT, IL US","2016-05-04","0.40","57"
"USW00094846","CHICAGO OHARE INTERNATIONAL AIRPORT, IL US","2016-05-05","0.00","61"
"USW00094846","CHICAGO OHARE INTERNATIONAL AIRPORT, IL US","2016-05-06","0.00","82"
"USW00094846","CHICAGO OHARE INTERNATIONAL AIRPORT, IL US","2016-05-07","0.02","70"
"USW00094846","CHICAGO OHARE INTERNATIONAL AIRPORT, IL US","2016-05-08","0.00","71"
"USW00094846","CHICAGO OHARE INTERNATIONAL AIRPORT, IL US","2016-05-09","0.59","58"
"USW00094846","CHICAGO OHARE INTERNATIONAL AIRPORT, IL US","2016-05-10","0.79","63"
"USW00094846","CHICAGO OHARE INTERNATIONAL AIRPORT, IL US","2016-05-11","0.19","69"
"USW00094846","CHICAGO OHARE INTERNATIONAL AIRPORT, IL US","2016-05-12","0.48","70"
"USW00094846","CHICAGO OHARE INTERNATIONAL AIRPORT, IL US","2016-05-13","0.68","66"
"USW00094846","CHICAGO OHARE INTERNATIONAL AIRPORT, IL US","2016-05-14","0.00","47"
"USW00094846","CHICAGO OHARE INTERNATIONAL AIRPORT, IL US","2016-05-15","0.00","55"
"USW00094846","CHICAGO OHARE INTERNATIONAL AIRPORT, IL US","2016-05-16","0.00","70"
"USW00094846","CHICAGO OHARE INTERNATIONAL AIRPORT, IL US","2016-05-17","0.00","57"
"USW00094846","CHICAGO OHARE INTERNATIONAL AIRPORT, IL US","2016-05-18","0.00","65"
"USW00094846","CHICAGO OHARE INTERNATIONAL AIRPORT, IL US","2016-05-19","0.00","69"
"USW00094846","CHICAGO OHARE INTERNATIONAL AIRPORT, IL US","2016-05-20","0.00","68"
"USW00094846","CHICAGO OHARE INTERNATIONAL AIRPORT, IL US","2016-05-21","0.00","75"
"USW00094846","CHICAGO OHARE INTERNATIONAL AIRPORT, IL US","2016-05-22","0.00","77"
"USW00094846","CHICAGO OHARE INTERNATIONAL AIRPORT, IL US","2016-05-23","0.00","81"
"USW00094846","CHICAGO OHARE INTERNATIONAL AIRPORT, IL US","2016-05-24","0.00","86"
"USW00094846","CHICAGO OHARE INTERNATIONAL AIRPORT, IL US","2016-05-25","0.95","86"
"USW00094846","CHICAGO OHARE INTERNATIONAL AIRPORT, IL US","2016-05-26","0.00","83"
"USW00094846","CHICAGO OHARE INTERNATIONAL AIRPORT, IL US","2016-05-27","0.13","81"
"USW00094846","CHICAGO OHARE INTERNATIONAL AIRPORT, IL US","2016-05-28","0.13","81"
"USW00094846","CHICAGO OHARE INTERNATIONAL AIRPORT, IL US","2016-05-29","0.00","79"
"USW00094846","CHICAGO OHARE INTERNATIONAL AIRPORT, IL US","2016-05-30","0.00","87"
"USW00094846","CHICAGO OHARE INTERNATIONAL AIRPORT, IL US","2016-05-31","0.56","83"
"USW00094846","CHICAGO OHARE INTERNATIONAL AIRPORT, IL US","2016-06-01","0.42","79"
"USW00094846","CHICAGO OHARE INTERNATIONAL AIRPORT, IL US","2016-06-02","0.00","79"
"USW00094846","CHICAGO OHARE INTERNATIONAL AIRPORT, IL US","2016-06-03","0.00","84"
"USW00094846","CHICAGO OHARE INTERNATIONAL AIRPORT, IL US","2016-06-04","0.41","72"
"USW00094846","CHICAGO OHARE INTERNATIONAL AIRPORT, IL US","2016-06-05","0.05","79"
"USW00094846","CHICAGO OHARE INTERNATIONAL AIRPORT, IL US","2016-06-06","0.00","82"
"USW00094846","CHICAGO OHARE INTERNATIONAL AIRPORT, IL US","2016-06-07","0.00","67"
"USW00094846","CHICAGO OHARE INTERNATIONAL AIRPORT, IL US","2016-06-08","0.00","70"
"USW00094846","CHICAGO OHARE INTERNATIONAL AIRPORT, IL US","2016-06-09","0.21","72"
"USW00094846","CHICAGO OHARE INTERNATIONAL AIRPORT, IL US","2016-06-10","0.10","90"
"USW00094846","CHICAGO OHARE INTERNATIONAL AIRPORT, IL US","2016-06-11","0.00","91"
"USW00094846","CHICAGO OHARE INTERNATIONAL AIRPORT, IL US","2016-06-12","0.00","79"
"USW00094846","CHICAGO OHARE INTERNATIONAL AIRPORT, IL US","2016-06-13","0.02","86"
"USW00094846","CHICAGO OHARE INTERNATIONAL AIRPORT, IL US","2016-06-14","0.00","87"
"USW00094846","CHICAGO OHARE INTERNATIONAL AIRPORT, IL US","2016-06-15","0.30","90"
"USW00094846","CHICAGO OHARE INTERNATIONAL AIRPORT, IL US","2016-06-16","0.00","77"
"USW00094846","CHICAGO OHARE INTERNATIONAL AIRPORT, IL US","2016-06-17","0.00","85"
"USW00094846","CHICAGO OHARE INTERNATIONAL AIRPORT, IL US","2016-06-18","0.00","87"
"USW00094846","CHICAGO OHARE INTERNATIONAL AIRPORT, IL US","2016-06-19","0.00","89"
"USW00094846","CHICAGO OHARE INTERNATIONAL AIRPORT, IL US","2016-06-20","0.00","93"
"USW00094846","CHICAGO OHARE INTERNATIONAL AIRPORT, IL US","2016-06-21","0.00","84"
"USW00094846","CHICAGO OHARE INTERNATIONAL AIRPORT, IL US","2016-06-22","1.31","76"
"USW00094846","CHICAGO OHARE INTERNATIONAL AIRPORT, IL US","2016-06-23","0.00","78"
"USW00094846","CHICAGO OHARE INTERNATIONAL AIRPORT, IL US","2016-06-24","0.00","82"
"USW00094846","CHICAGO OHARE INTERNATIONAL AIRPORT, IL US","2016-06-25","0.00","89"
"USW00094846","CHICAGO OHARE INTERNATIONAL AIRPORT, IL US","2016-06-26","0.03","90"
"USW00094846","CHICAGO OHARE INTERNATIONAL AIRPORT, IL US","2016-06-27","0.00","90"
"USW00094846","CHICAGO OHARE INTERNATIONAL AIRPORT, IL US","2016-06-28","0.00","71"
"USW00094846","CHICAGO OHARE INTERNATIONAL AIRPORT, IL US","2016-06-29","0.00","81"
"USW00094846","CHICAGO OHARE INTERNATIONAL AIRPORT, IL US","2016-06-30","0.00","78"
"USW00094846","CHICAGO OHARE INTERNATIONAL AIRPORT, IL US","2016-07-01","0.00","72"
"USW00094846","CHICAGO OHARE INTERNATIONAL AIRPORT, IL US","2016-07-02","0.00","76"
"USW00094846","CHICAGO OHARE INTERNATIONAL AIRPORT, IL US","2016-07-03","0.00","77"
"USW00094846","CHICAGO OHARE INTERNATIONAL AIRPORT, IL US","2016-07-04","0.00","79"
"USW00094846","CHICAGO OHARE INTERNATIONAL AIRPORT, IL US","2016-07-05","0.00","87"
"USW00094846","CHICAGO OHARE INTERNATIONAL AIRPORT, IL US","2016-07-06","0.87","88"
"USW00094846","CHICAGO OHARE INTERNATIONAL AIRPORT, IL US","2016-07-07","1.05","84"
"USW00094846","CHICAGO OHARE INTERNATIONAL AIRPORT, IL US","2016-07-08","0.00","86"
"USW00094846","CHICAGO OHARE INTERNATIONAL AIRPORT, IL US","2016-07-09","0.00","79"
"USW00094846","CHICAGO OHARE INTERNATIONAL AIRPORT, IL US","2016-07-10","0.00","82"
"USW00094846","CHICAGO OHARE INTERNATIONAL AIRPORT, IL US","2016-07-11","0.00","90"
"USW00094846","CHICAGO OHARE INTERNATIONAL AIRPORT, IL US","2016-07-12","0.00","88"
"USW00094846","CHICAGO OHARE INTERNATIONAL AIRPORT, IL US","2016-07-13","0.06","84"
"USW00094846","CHICAGO OHARE INTERNATIONAL AIRPORT, IL US","2016-07-14","0.00","88"
"USW00094846","CHICAGO OHARE INTERNATIONAL AIRPORT, IL US","2016-07-15","0.14","75"
"USW00094846","CHICAGO OHARE INTERNATIONAL AIRPORT, IL US","2016-07-16","0.00","77"
"USW00094846","CHICAGO OHARE INTERNATIONAL AIRPORT, IL US","2016-07-17","0.25","83"
"USW00094846","CHICAGO OHARE INTERNATIONAL AIRPORT, IL US","2016-07-18","0.00","88"
"USW00094846","CHICAGO OHARE INTERNATIONAL AIRPORT, IL US","2016-07-19","0.00","91"
"USW00094846","CHICAGO OHARE INTERNATIONAL AIRPORT, IL US","2016-07-20","0.00","88"
"USW00094846","CHICAGO OHARE INTERNATIONAL AIRPORT, IL US","2016-07-21","1.03","91"
"USW00094846","CHICAGO OHARE INTERNATIONAL AIRPORT, IL US","2016-07-22","0.01","90"
"USW00094846","CHICAGO OHARE INTERNATIONAL AIRPORT, IL US","2016-07-23","1.11","91"
"USW00094846","CHICAGO OHARE INTERNATIONAL AIRPORT, IL US","2016-07-24","0.94","93"
"USW00094846","CHICAGO OHARE INTERNATIONAL AIRPORT, IL US","2016-07-25","0.00","89"
"USW00094846","CHICAGO OHARE INTERNATIONAL AIRPORT, IL US","2016-07-26","0.00","88"
"USW00094846","CHICAGO OHARE INTERNATIONAL AIRPORT, IL US","2016-07-27","0.00","89"
"USW00094846","CHICAGO OHARE INTERNATIONAL AIRPORT, IL US","2016-07-28","0.66","84"
"USW00094846","CHICAGO OHARE INTERNATIONAL AIRPORT, IL US","2016-07-29","0.11","81"
"USW00094846","CHICAGO OHARE INTERNATIONAL AIRPORT, IL US","2016-07-30","0.00","78"
"USW00094846","CHICAGO OHARE INTERNATIONAL AIRPORT, IL US","2016-07-31","0.00","81"
"USW00094846","CHICAGO OHARE INTERNATIONAL AIRPORT, IL US","2016-08-01","0.00","84"
"USW00094846","CHICAGO OHARE INTERNATIONAL AIRPORT, IL US","2016-08-02","0.00","87"
"USW00094846","CHICAGO OHARE INTERNATIONAL AIRPORT, IL US","2016-08-03","0.00","90"
"USW00094846","CHICAGO OHARE INTERNATIONAL AIRPORT, IL US","2016-08-04","0.02","91"
"USW00094846","CHICAGO OHARE INTERNATIONAL AIRPORT, IL US","2016-08-05","0.00","86"
"USW00094846","CHICAGO OHARE INTERNATIONAL AIRPORT, IL US","2016-08-06","0.00","84"
"USW00094846","CHICAGO OHARE INTERNATIONAL AIRPORT, IL US","2016-08-07","0.00","83"
"USW00094846","CHICAGO OHARE INTERNATIONAL AIRPORT, IL US","2016-08-08","0.00","84"
"USW00094846","CHICAGO OHARE INTERNATIONAL AIRPORT, IL US","2016-08-09","0.00","88"
"USW00094846","CHICAGO OHARE INTERNATIONAL AIRPORT, IL US","2016-08-10","0.00","89"
"USW00094846","CHICAGO OHARE INTERNATIONAL AIRPORT, IL US","2016-08-11","0.00","92"
"USW00094846","CHICAGO OHARE INTERNATIONAL AIRPORT, IL US","2016-08-12","0.96","83"
"USW00094846","CHICAGO OHARE INTERNATIONAL AIRPORT, IL US","2016-08-13","0.00","84"
"USW00094846","CHICAGO OHARE INTERNATIONAL AIRPORT, IL US","2016-08-14","0.00","87"
"USW00094846","CHICAGO OHARE INTERNATIONAL AIRPORT, IL US","2016-08-15","0.00","78"
"USW00094846","CHICAGO OHARE INTERNATIONAL AIRPORT, IL US","2016-08-16","0.02","88"
"USW00094846","CHICAGO OHARE INTERNATIONAL AIRPORT, IL US","2016-08-17","0.05","88"
"USW00094846","CHICAGO OHARE INTERNATIONAL AIRPORT, IL US","2016-08-18","0.75","85"
"USW00094846","CHICAGO OHARE INTERNATIONAL AIRPORT, IL US","2016-08-19","0.07","84"
"USW00094846","CHICAGO OHARE INTERNATIONAL AIRPORT, IL US","2016-08-20","0.47","80"
"USW00094846","CHICAGO OHARE INTERNATIONAL AIRPORT, IL US","2016-08-21","0.00","76"
"USW00094846","CHICAGO OHARE INTERNATIONAL AIRPORT, IL US","2016-08-22","0.00","78"
"USW00094846","CHICAGO OHARE INTERNATIONAL AIRPORT, IL US","2016-08-23","0.00","81"
"USW00094846","CHICAGO OHARE INTERNATIONAL AIRPORT, IL US","2016-08-24","0.23","84"
"USW00094846","CHICAGO OHARE INTERNATIONAL AIRPORT, IL US","2016-08-25","0.09","85"
"USW00094846","CHICAGO OHARE INTERNATIONAL AIRPORT, IL US","2016-08-26","0.14","81"
"USW00094846","CHICAGO OHARE INTERNATIONAL AIRPORT, IL US","2016-08-27","0.84","84"
"USW00094846","CHICAGO OHARE INTERNATIONAL AIRPORT, IL US","2016-08-28","0.00","83"
"USW00094846","CHICAGO OHARE INTERNATIONAL AIRPORT, IL US","2016-08-29","0.43","86"
"USW00094846","CHICAGO OHARE INTERNATIONAL AIRPORT, IL US","2016-08-30","0.19","84"
"USW00094846","CHICAGO OHARE INTERNATIONAL AIRPORT, IL US","2016-08-31","0.00","76"
"USW00094846","CHICAGO OHARE INTERNATIONAL AIRPORT, IL US","2016-09-01","0.00","73"
"USW00094846","CHICAGO OHARE INTERNATIONAL AIRPORT, IL US","2016-09-02","0.00","74"
"USW00094846","CHICAGO OHARE INTERNATIONAL AIRPORT, IL US","2016-09-03","0.00","76"
"USW00094846","CHICAGO OHARE INTERNATIONAL AIRPORT, IL US","2016-09-04","0.00","80"
"USW00094846","CHICAGO OHARE INTERNATIONAL AIRPORT, IL US","2016-09-05","0.00","87"
"USW00094846","CHICAGO OHARE INTERNATIONAL AIRPORT, IL US","2016-09-06","0.00","91"
"USW00094846","CHICAGO OHARE INTERNATIONAL AIRPORT, IL US","2016-09-07","0.39","89"
"USW00094846","CHICAGO OHARE INTERNATIONAL AIRPORT, IL US","2016-09-08","0.05","82"
"USW00094846","CHICAGO OHARE INTERNATIONAL AIRPORT, IL US","2016-09-09","0.00","81"
"USW00094846","CHICAGO OHARE INTERNATIONAL AIRPORT, IL US","2016-09-10","0.01","73"
"USW00094846","CHICAGO OHARE INTERNATIONAL AIRPORT, IL US","2016-09-11","0.00","76"
"USW00094846","CHICAGO OHARE INTERNATIONAL AIRPORT, IL US","2016-09-12","0.00","79"
"USW00094846","CHICAGO OHARE INTERNATIONAL AIRPORT, IL US","2016-09-13","0.00","85"
"USW00094846","CHICAGO OHARE INTERNATIONAL AIRPORT, IL US","2016-09-14","0.09","74"
"USW00094846","CHICAGO OHARE INTERNATIONAL AIRPORT, IL US","2016-09-15","0.00","78"
"USW00094846","CHICAGO OHARE INTERNATIONAL AIRPORT, IL US","2016-09-16","0.01","83"
"USW00094846","CHICAGO OHARE INTERNATIONAL AIRPORT, IL US","2016-09-17","0.04","82"
"USW00094846","CHICAGO OHARE INTERNATIONAL AIRPORT, IL US","2016-09-18","0.00","81"
"USW00094846","CHICAGO OHARE INTERNATIONAL AIRPORT, IL US","2016-09-19","0.00","88"
"USW00094846","CHICAGO OHARE INTERNATIONAL AIRPORT, IL US","2016-09-20","0.00","83"
"USW00094846","CHICAGO OHARE INTERNATIONAL AIRPORT, IL US","2016-09-21","0.55","74"
"USW00094846","CHICAGO OHARE INTERNATIONAL AIRPORT, IL US","2016-09-22","0.00","81"
"USW00094846","CHICAGO OHARE INTERNATIONAL AIRPORT, IL US","2016-09-23","0.00","73"
"USW00094846","CHICAGO OHARE INTERNATIONAL AIRPORT, IL US","2016-09-24","0.00","74"
"USW00094846","CHICAGO OHARE INTERNATIONAL AIRPORT, IL US","2016-09-25","0.01","85"
"USW00094846","CHICAGO OHARE INTERNATIONAL AIRPORT, IL US","2016-09-26","0.00","69"
"USW00094846","CHICAGO OHARE INTERNATIONAL AIRPORT, IL US","2016-09-27","0.00","70"
"USW00094846","CHICAGO OHARE INTERNATIONAL AIRPORT, IL US","2016-09-28","0.31","60"
"USW00094846","CHICAGO OHARE INTERNATIONAL AIRPORT, IL US","2016-09-29","0.20","65"
"USW00094846","CHICAGO OHARE INTERNATIONAL AIRPORT, IL US","2016-09-30","0.10","64"
"USW00094846","CHICAGO OHARE INTERNATIONAL AIRPORT, IL US","2016-10-01","0.94","64"
"USW00094846","CHICAGO OHARE INTERNATIONAL AIRPORT, IL US","2016-10-02","0.03","65"
"USW00094846","CHICAGO OHARE INTERNATIONAL AIRPORT, IL US","2016-10-03","0.00","67"
"USW00094846","CHICAGO OHARE INTERNATIONAL AIRPORT, IL US","2016-10-04","0.00","75"
"USW00094846","CHICAGO OHARE INTERNATIONAL AIRPORT, IL US","2016-10-05","0.00","80"
"USW00094846","CHICAGO OHARE INTERNATIONAL AIRPORT, IL US","2016-10-06","0.25","74"
"USW00094846","CHICAGO OHARE INTERNATIONAL AIRPORT, IL US","2016-10-07","0.00","70"
"USW00094846","CHICAGO OHARE INTERNATIONAL AIRPORT, IL US","2016-10-08","0.00","65"
"USW00094846","CHICAGO OHARE INTERNATIONAL AIRPORT, IL US","2016-10-09","0.00","63"
"USW00094846","CHICAGO OHARE INTERNATIONAL AIRPORT, IL US","2016-10-10","0.00","71"
"USW00094846","CHICAGO OHARE INTERNATIONAL AIRPORT, IL US","2016-10-11","0.00","73"
"USW00094846","CHICAGO OHARE INTERNATIONAL AIRPORT, IL US","2016-10-12","0.14","69"
"USW00094846","CHICAGO OHARE INTERNATIONAL AIRPORT, IL US","2016-10-13","0.00","57"
"USW00094846","CHICAGO OHARE INTERNATIONAL AIRPORT, IL US","2016-10-14","0.00","66"
"USW00094846","CHICAGO OHARE INTERNATIONAL AIRPORT, IL US","2016-10-15","0.00","70"
"USW00094846","CHICAGO OHARE INTERNATIONAL AIRPORT, IL US","2016-10-16","0.29","72"
"USW00094846","CHICAGO OHARE INTERNATIONAL AIRPORT, IL US","2016-10-17","0.00","82"
"USW00094846","CHICAGO OHARE INTERNATIONAL AIRPORT, IL US","2016-10-18","0.00","76"
"USW00094846","CHICAGO OHARE INTERNATIONAL AIRPORT, IL US","2016-10-19","0.02","71"
"USW00094846","CHICAGO OHARE INTERNATIONAL AIRPORT, IL US","2016-10-20","0.00","56"
"USW00094846","CHICAGO OHARE INTERNATIONAL AIRPORT, IL US","2016-10-21","0.00","54"
"USW00094846","CHICAGO OHARE INTERNATIONAL AIRPORT, IL US","2016-10-22","0.00","60"
"USW00094846","CHICAGO OHARE INTERNATIONAL AIRPORT, IL US","2016-10-23","0.00","73"
"USW00094846","CHICAGO OHARE INTERNATIONAL AIRPORT, IL US","2016-10-24","0.00","59"
"USW00094846","CHICAGO OHARE INTERNATIONAL AIRPORT, IL US","2016-10-25","0.00","54"
"USW00094846","CHICAGO OHARE INTERNATIONAL AIRPORT, IL US","2016-10-26","1.60","51"
"USW00094846","CHICAGO OHARE INTERNATIONAL AIRPORT, IL US","2016-10-27","0.00","51"
"USW00094846","CHICAGO OHARE INTERNATIONAL AIRPORT, IL US","2016-10-28","0.00","65"
"USW00094846","CHICAGO OHARE INTERNATIONAL AIRPORT, IL US","2016-10-29","0.00","71"
"USW00094846","CHICAGO OHARE INTERNATIONAL AIRPORT, IL US","2016-10-30","0.50","56"
"USW00094846","CHICAGO OHARE INTERNATIONAL AIRPORT, IL US","2016-10-31","0.00","61"
"USW00094846","CHICAGO OHARE INTERNATIONAL AIRPORT, IL US","2016-11-01","0.00","75"
"USW00094846","CHICAGO OHARE INTERNATIONAL AIRPORT, IL US","2016-11-02","0.18","65"
